url_path,views_total,views_unique
/ServerlessLLM/ServerlessLLM,235,156
/ServerlessLLM/ServerlessLLM/issues,30,13
/ServerlessLLM/ServerlessLLM/tree/main/sllm,11,6
/ServerlessLLM/ServerlessLLM/graphs/contributors,10,6
/ServerlessLLM/ServerlessLLM/tree/main/sllm_store,8,4
/ServerlessLLM/ServerlessLLM/tree/main/examples,8,3
/ServerlessLLM/ServerlessLLM/pulls,7,5
/ServerlessLLM/ServerlessLLM/tree/main/benchmarks,7,3
/ServerlessLLM/ServerlessLLM/releases,5,4
/ServerlessLLM/ServerlessLLM/tree/main/sllm_store/sllm_store,5,2
